size,fraction,tier,tau,fires,lost,recovered,recovery,harmed,mean_comps,extra_pct,recall_clean,recall_misfiled,recall_after
5000,0.05,wider x4,0.30,0.1,4,0,0.0,0,311.392,2.411366177728078,0.47,0.468,0.468
5000,0.05,wider x4,0.40,0.242,4,0,0.0,1,426.086,40.13221074787871,0.47,0.468,0.466
5000,0.05,wider x4,0.50,0.566,4,1,0.25,1,662.86,118.00302571860817,0.47,0.468,0.468
5000,0.05,wider x4,always,1.0,4,1,0.25,1,1000.3679999999999,229.00348615404855,0.47,0.468,0.494
5000,0.05,wider x8,0.30,0.1,4,0,0.0,0,312.174,2.6685522594224746,0.47,0.468,0.468
5000,0.05,wider x8,0.40,0.242,4,0,0.0,2,511.94399999999996,68.36940077616258,0.47,0.468,0.464
5000,0.05,wider x8,0.50,0.566,4,2,0.5,2,923.512,203.72689600736695,0.47,0.468,0.468
5000,0.05,wider x8,always,1.0,4,4,1.0,2,1513.7,397.82937578109585,0.47,0.468,0.5
5000,0.05,entity lookup,0.30,0.1,4,0,0.0,0,305.02,0.31572715911332616,0.47,0.468,0.476
5000,0.05,entity lookup,0.40,0.242,4,0,0.0,0,305.96,0.6248766690784638,0.47,0.468,0.478
5000,0.05,entity lookup,0.50,0.566,4,0,0.0,0,311.824,2.553443399329083,0.47,0.468,0.478
5000,0.05,entity lookup,always,1.0,4,0,0.0,0,321.34000000000003,5.683088864040002,0.47,0.468,0.486
5000,0.05,full flat,0.30,0.1,4,0,0.0,15,804.06,164.44122870486086,0.47,0.468,0.438
5000,0.05,full flat,0.40,0.242,4,0,0.0,21,1514.06,397.94777346576336,0.47,0.468,0.426
5000,0.05,full flat,0.50,0.566,4,2,0.5,21,3134.06,930.7373544695126,0.47,0.468,0.43
5000,0.05,full flat,always,1.0,4,4,1.0,27,5304.06,1644.4122870486087,0.47,0.468,0.46
5000,0.1,wider x4,0.30,0.108,12,1,0.08333333333333333,0,317.144,4.162643281768311,0.47,0.45,0.452
5000,0.1,wider x4,0.40,0.252,12,1,0.08333333333333333,0,433.934,42.52110224324235,0.47,0.45,0.46
5000,0.1,wider x4,0.50,0.574,12,4,0.3333333333333333,0,667.878,119.35757217459849,0.47,0.45,0.468
5000,0.1,wider x4,always,1.0,12,5,0.4166666666666667,0,999.644,228.3226590468683,0.47,0.45,0.494
5000,0.1,wider x8,0.30,0.108,12,2,0.16666666666666666,0,321.264,5.515814365947378,0.47,0.45,0.454
5000,0.1,wider x8,0.40,0.252,12,2,0.16666666666666666,0,524.2660000000001,72.1897067034519,0.47,0.45,0.462
5000,0.1,wider x8,0.50,0.574,12,7,0.5833333333333334,1,931.682,206.00124807041743,0.47,0.45,0.472
5000,0.1,wider x8,always,1.0,12,10,0.8333333333333334,1,1512.586,396.793115906329,0.47,0.45,0.502
5000,0.1,entity lookup,0.30,0.108,12,2,0.16666666666666666,0,306.262,0.5885637337011769,0.47,0.45,0.462
5000,0.1,entity lookup,0.40,0.252,12,2,0.16666666666666666,0,307.20200000000006,0.8972969422274863,0.47,0.45,0.464
5000,0.1,entity lookup,0.50,0.574,12,4,0.3333333333333333,0,312.92800000000005,2.7779419975695556,0.47,0.45,0.468
5000,0.1,entity lookup,always,1.0,12,4,0.3333333333333333,0,321.75,5.675436003547138,0.47,0.45,0.476
5000,0.1,full flat,0.30,0.108,12,2,0.16666666666666666,15,844.47,177.35737511084835,0.47,0.45,0.424
5000,0.1,full flat,0.40,0.252,12,2,0.16666666666666666,19,1564.47,413.8338752586462,0.47,0.45,0.416
5000,0.1,full flat,0.50,0.574,12,7,0.5833333333333334,20,3174.4700000000003,942.621604755805,0.47,0.45,0.426
5000,0.1,full flat,always,1.0,12,12,1.0,26,5304.47,1642.1979176930404,0.47,0.45,0.46
5000,0.2,wider x4,0.30,0.118,25,1,0.04,0,325.008,6.60613773829985,0.47,0.432,0.436
5000,0.2,wider x4,0.40,0.276,25,2,0.08,0,457.822,50.1705656218429,0.47,0.432,0.444
5000,0.2,wider x4,0.50,0.594,25,5,0.2,3,685.524,124.85928336197962,0.47,0.432,0.448
5000,0.2,wider x4,always,1.0,25,10,0.4,3,1001.762,228.5887662857368,0.47,0.432,0.476
5000,0.2,wider x8,0.30,0.118,25,1,0.04,0,334.412,9.690751407166374,0.47,0.432,0.436
5000,0.2,wider x8,0.40,0.276,25,3,0.12,1,565.278,85.41729535405487,0.47,0.432,0.446
5000,0.2,wider x8,0.50,0.594,25,9,0.36,4,961.992,215.54377632286764,0.47,0.432,0.456
5000,0.2,wider x8,always,1.0,25,15,0.6,5,1513.418,396.4174659196767,0.47,0.432,0.488
5000,0.2,entity lookup,0.30,0.118,25,2,0.08,0,307.186,0.7603290604458269,0.47,0.432,0.446
5000,0.2,entity lookup,0.40,0.276,25,2,0.08,0,308.67,1.2470971043205654,0.47,0.432,0.446
5000,0.2,entity lookup,0.50,0.594,25,4,0.16,0,314.85,3.2742039177611386,0.47,0.432,0.452
5000,0.2,entity lookup,always,1.0,25,5,0.2,0,322.148,5.668026818163936,0.47,0.432,0.46
5000,0.2,full flat,0.30,0.118,25,2,0.08,16,894.8679999999999,193.52637862943962,0.47,0.432,0.406
5000,0.2,full flat,0.40,0.276,25,6,0.24,22,1684.868,452.65491950614694,0.47,0.432,0.402
5000,0.2,full flat,0.50,0.594,25,15,0.6,25,3274.868,974.1921093719249,0.47,0.432,0.416
5000,0.2,full flat,always,1.0,25,25,1.0,30,5304.868,1640.0540561816917,0.47,0.432,0.46
