size,method,recall_all,recall_cue,recall_oth,comps_all,comps_cue,comps_oth,cue_checks,prep_ms,search_ms,e2e_ms,n_cue_queries
1000,brute force,0.63,0.7073170731707317,0.576271186440678,1000.0,1000.0,1000.0,0.0,0.0,0.05470006726682186,0.05470006726682186,41
1000,faiss flat,0.63,0.7073170731707317,0.576271186440678,1000.0,1000.0,1000.0,0.0,0.0,0.05730008706450462,0.05730008706450462,41
1000,hnsw ef=5,0.61,0.6829268292682927,0.559322033898305,153.57,155.17073170731706,152.45762711864407,0.0,0.0,0.023950007744133472,0.023950007744133472,41
1000,hnsw ef=8,0.63,0.7073170731707317,0.576271186440678,181.65,184.0487804878049,179.98305084745763,0.0,0.0,0.022999942302703857,0.022999942302703857,41
1000,hnsw ef=16,0.64,0.7073170731707317,0.5932203389830508,254.72,259.4878048780488,251.40677966101694,0.0,0.0,0.02850010059773922,0.02850010059773922,41
1000,hnsw ef=32,0.63,0.7073170731707317,0.576271186440678,378.51,383.3414634146341,375.1525423728813,0.0,0.0,0.03934989217668772,0.03934989217668772,41
1000,hnsw ef=64,0.63,0.7073170731707317,0.576271186440678,560.22,564.3170731707318,557.3728813559322,0.0,0.0,0.05959998816251755,0.05959998816251755,41
1000,hnsw ef=128,0.63,0.7073170731707317,0.576271186440678,782.34,788.4878048780488,778.0677966101695,0.0,0.0,0.10265002492815256,0.10265002492815256,41
1000,flat + cue filter,0.7,0.8780487804878049,0.576271186440678,611.16,51.609756097560975,1000.0,40.72,4.957062012981623,0.18249987624585629,4.717100178822875,41
1000,filter + hnsw ef=5,0.69,0.8780487804878049,0.559322033898305,102.71,31.121951219512194,152.45762711864407,40.72,5.1416880008764565,0.10990013834089041,4.874349921010435,41
1000,filter + hnsw ef=8,0.7,0.8780487804878049,0.576271186440678,119.15,31.609756097560975,179.98305084745763,40.72,5.1416880008764565,0.029300106689333916,4.78164991363883,41
1000,filter + hnsw ef=16,0.71,0.8780487804878049,0.5932203389830508,162.14,33.68292682926829,251.40677966101694,40.72,5.1416880008764565,0.031899893656373024,4.785599885508418,41
1000,filter + hnsw ef=32,0.7,0.8780487804878049,0.576271186440678,236.57,37.146341463414636,375.1525423728813,40.72,5.1416880008764565,0.0467000063508749,4.8019998939707875,41
1000,filter + hnsw ef=64,0.7,0.8780487804878049,0.576271186440678,345.67,41.02439024390244,557.3728813559322,40.72,5.1416880008764565,0.06230000872164965,4.817649954929948,41
1000,filter + hnsw ef=128,0.7,0.8780487804878049,0.576271186440678,477.81,45.73170731707317,778.0677966101695,40.72,5.1416880008764565,0.10124989785254002,4.858849802985787,41
1000,tree no cues b=1,0.35,0.4146341463414634,0.3050847457627119,52.78,52.292682926829265,53.11864406779661,0.0,0.0,0.024150009267032146,0.024150009267032146,41
1000,tree no cues b=2,0.52,0.5121951219512195,0.5254237288135594,93.33,92.3170731707317,94.03389830508475,0.0,0.0,0.03599992487579584,0.03599992487579584,41
1000,tree no cues b=3,0.55,0.5853658536585366,0.5254237288135594,113.59,112.90243902439025,114.0677966101695,0.0,0.0,0.04469999112188816,0.04469999112188816,41
1000,tree no cues b=5,0.6,0.6829268292682927,0.5423728813559322,154.12,151.1219512195122,156.20338983050848,0.0,0.0,0.05865003913640976,0.05865003913640976,41
1000,tree no cues b=10,0.6,0.6829268292682927,0.5423728813559322,253.96,250.8048780487805,256.1525423728813,0.0,0.0,0.0914999982342124,0.0914999982342124,41
1000,tree no cues b=20,0.62,0.7073170731707317,0.559322033898305,451.23,450.8536585365854,451.49152542372883,0.0,0.0,0.1701499568298459,0.1701499568298459,41
1000,CUE TREE b=1,0.46,0.6829268292682927,0.3050847457627119,36.4,12.341463414634147,53.11864406779661,27.12,5.4351359768770635,0.057750032283365726,4.965049913153052,41
1000,CUE TREE b=2,0.65,0.8292682926829268,0.5254237288135594,62.8,17.853658536585368,94.03389830508475,40.89,5.4351359768770635,0.046299886889755726,4.9568997928872705,41
1000,CUE TREE b=3,0.66,0.8536585365853658,0.5254237288135594,75.53,20.073170731707318,114.0677966101695,46.19,5.4351359768770635,0.05435000639408827,4.96865005698055,41
1000,CUE TREE b=5,0.67,0.8536585365853658,0.5423728813559322,100.89,21.29268292682927,156.20338983050848,55.94,5.4351359768770635,0.07004989311099052,4.991300171241164,41
1000,CUE TREE b=10,0.68,0.8780487804878049,0.5423728813559322,162.2,27.0,256.1525423728813,75.92,5.4351359768770635,0.10755006223917007,5.036800052039325,41
1000,CUE TREE b=20,0.7,0.9024390243902439,0.559322033898305,281.98,38.048780487804876,451.49152542372883,101.62,5.4351359768770635,0.18325005657970905,5.110849742777646,41
5000,brute force,0.46,0.6097560975609756,0.3559322033898305,5000.0,5000.0,5000.0,0.0,0.0,0.27860002592206,0.27860002592206,41
5000,faiss flat,0.46,0.6097560975609756,0.3559322033898305,5000.0,5000.0,5000.0,0.0,0.0,0.47894997987896204,0.47894997987896204,41
5000,hnsw ef=5,0.35,0.3902439024390244,0.3220338983050847,190.69,187.82926829268294,192.67796610169492,0.0,0.0,0.0479499576613307,0.0479499576613307,41
5000,hnsw ef=8,0.39,0.43902439024390244,0.3559322033898305,228.62,229.3170731707317,228.135593220339,0.0,0.0,0.046449946239590645,0.046449946239590645,41
5000,hnsw ef=16,0.45,0.5853658536585366,0.3559322033898305,315.77,319.5121951219512,313.1694915254237,0.0,0.0,0.04985008854418993,0.04985008854418993,41
5000,hnsw ef=32,0.46,0.6097560975609756,0.3559322033898305,489.09,499.0487804878049,482.1694915254237,0.0,0.0,0.07285003084689379,0.07285003084689379,41
5000,hnsw ef=64,0.46,0.6097560975609756,0.3559322033898305,782.61,804.7560975609756,767.2203389830509,0.0,0.0,0.12674997560679913,0.12674997560679913,41
5000,hnsw ef=128,0.46,0.6097560975609756,0.3559322033898305,1270.08,1295.2926829268292,1252.5593220338983,0.0,0.0,0.20769995171576738,0.20769995171576738,41
5000,flat + cue filter,0.52,0.7560975609756098,0.3559322033898305,3054.91,255.8780487804878,5000.0,201.6,5.464806009549648,0.876000034622848,5.782050080597401,41
5000,filter + hnsw ef=5,0.5,0.7560975609756098,0.3220338983050847,170.55,138.70731707317074,192.67796610169492,201.6,5.343907997012138,0.1379000023007393,5.179099855013192,41
5000,filter + hnsw ef=8,0.52,0.7560975609756098,0.3559322033898305,191.82,139.5609756097561,228.135593220339,201.6,5.343907997012138,0.05075009539723396,5.10349974501878,41
5000,filter + hnsw ef=16,0.52,0.7560975609756098,0.3559322033898305,242.79,141.5121951219512,313.1694915254237,201.6,5.343907997012138,0.05980010610073805,5.1017499063164,41
5000,filter + hnsw ef=32,0.52,0.7560975609756098,0.3559322033898305,344.02,145.21951219512195,482.1694915254237,201.6,5.343907997012138,0.09345007129013538,5.129899829626083,41
5000,filter + hnsw ef=64,0.52,0.7560975609756098,0.3559322033898305,515.57,153.4390243902439,767.2203389830509,201.6,5.343907997012138,0.14955003280192614,5.188149865716696,41
5000,filter + hnsw ef=128,0.52,0.7560975609756098,0.3559322033898305,807.28,166.5121951219512,1252.5593220338983,201.6,5.343907997012138,0.24560000747442245,5.313949892297387,41
5000,tree no cues b=1,0.16,0.17073170731707318,0.15254237288135594,59.37,58.19512195121951,60.186440677966104,0.0,0.0,0.08645013440400362,0.08645013440400362,41
5000,tree no cues b=2,0.26,0.24390243902439024,0.2711864406779661,107.88,107.65853658536585,108.03389830508475,0.0,0.0,0.09264994878321886,0.09264994878321886,41
5000,tree no cues b=3,0.31,0.34146341463414637,0.288135593220339,154.24,155.02439024390245,153.6949152542373,0.0,0.0,0.10649999603629112,0.10649999603629112,41
5000,tree no cues b=5,0.38,0.43902439024390244,0.3389830508474576,244.99,246.0731707317073,244.23728813559322,0.0,0.0,0.12230011634528637,0.12230011634528637,41
5000,tree no cues b=10,0.39,0.5121951219512195,0.3050847457627119,462.66,466.7317073170732,459.8305084745763,0.0,0.0,0.23544998839497566,0.23544998839497566,41
5000,tree no cues b=20,0.43,0.5609756097560976,0.3389830508474576,676.24,676.2439024390244,676.2372881355932,0.0,0.0,0.36100007127970457,0.36100007127970457,41
5000,CUE TREE b=1,0.24,0.36585365853658536,0.15254237288135594,42.67,17.463414634146343,60.186440677966104,32.02,5.5082559841685,0.08479994721710682,5.105849821120501,41
5000,CUE TREE b=2,0.36,0.4878048780487805,0.2711864406779661,74.46,26.146341463414632,108.03389830508475,54.67,5.5082559841685,0.09720004163682461,5.150999873876572,41
5000,CUE TREE b=3,0.39,0.5365853658536586,0.288135593220339,105.29,35.63414634146341,153.6949152542373,74.69,5.5082559841685,0.08755014277994633,5.121700232848525,41
5000,CUE TREE b=5,0.45,0.6097560975609756,0.3389830508474576,165.03,51.048780487804876,244.23728813559322,110.56,5.5082559841685,0.14110002666711807,5.166750168427825,41
5000,CUE TREE b=10,0.47,0.7073170731707317,0.3050847457627119,302.69,76.5609756097561,459.8305084745763,170.87,5.5082559841685,0.25269982870668173,5.297399824485183,41
5000,CUE TREE b=20,0.5,0.7317073170731707,0.3389830508474576,436.25,90.90243902439025,676.2372881355932,219.39,5.5082559841685,0.3464499022811651,5.407399847172201,41
10000,brute force,0.36,0.4878048780487805,0.2711864406779661,10000.0,10000.0,10000.0,0.0,0.0,1.0174999479204416,1.0174999479204416,41
10000,faiss flat,0.36,0.4878048780487805,0.2711864406779661,10000.0,10000.0,10000.0,0.0,0.0,1.1330500710755587,1.1330500710755587,41
10000,hnsw ef=5,0.31,0.4146341463414634,0.23728813559322035,201.41,210.29268292682926,195.23728813559322,0.0,0.0,0.054200063459575176,0.054200063459575176,41
10000,hnsw ef=8,0.33,0.43902439024390244,0.2542372881355932,237.16,250.21951219512195,228.08474576271186,0.0,0.0,0.059949932619929314,0.059949932619929314,41
10000,hnsw ef=16,0.35,0.4634146341463415,0.2711864406779661,319.76,331.4146341463415,311.66101694915255,0.0,0.0,0.06280001252889633,0.06280001252889633,41
10000,hnsw ef=32,0.36,0.4878048780487805,0.2711864406779661,488.3,513.3658536585366,470.8813559322034,0.0,0.0,0.09735010098665953,0.09735010098665953,41
10000,hnsw ef=64,0.36,0.4878048780487805,0.2711864406779661,793.39,815.4878048780488,778.0338983050848,0.0,0.0,0.1770000671967864,0.1770000671967864,41
10000,hnsw ef=128,0.36,0.4878048780487805,0.2711864406779661,1332.79,1372.3902439024391,1305.2711864406779,0.0,0.0,0.2905001165345311,0.2905001165345311,41
10000,flat + cue filter,0.44,0.6829268292682927,0.2711864406779661,6109.8,511.7073170731707,10000.0,402.55,5.658086973708123,1.6438999446108937,6.651499890722334,41
10000,filter + hnsw ef=5,0.42,0.6829268292682927,0.23728813559322035,227.42,273.7317073170732,195.23728813559322,402.55,5.47165002906695,0.14525000005960464,5.197199992835522,41
10000,filter + hnsw ef=8,0.43,0.6829268292682927,0.2542372881355932,247.14,274.5609756097561,228.08474576271186,402.55,5.47165002906695,0.054999953135848045,5.06324996240437,41
10000,filter + hnsw ef=16,0.44,0.6829268292682927,0.2711864406779661,297.24,276.4878048780488,311.66101694915255,402.55,5.47165002906695,0.06704987026751041,5.070350016467273,41
10000,filter + hnsw ef=32,0.44,0.6829268292682927,0.2711864406779661,392.96,280.8292682926829,470.8813559322034,402.55,5.47165002906695,0.09204994421452284,5.113000050187111,41
10000,filter + hnsw ef=64,0.44,0.6829268292682927,0.2711864406779661,576.84,287.3170731707317,778.0338983050848,402.55,5.47165002906695,0.1443499932065606,5.152649944648147,41
10000,filter + hnsw ef=128,0.44,0.6829268292682927,0.2711864406779661,893.7,301.4390243902439,1305.2711864406779,402.55,5.47165002906695,0.23850006982684135,5.244949948973954,41
10000,tree no cues b=1,0.17,0.0975609756097561,0.22033898305084745,65.26,65.5609756097561,65.05084745762711,0.0,0.0,0.055600074119865894,0.055600074119865894,41
10000,tree no cues b=2,0.2,0.17073170731707318,0.22033898305084745,109.74,110.14634146341463,109.45762711864407,0.0,0.0,0.07314991671591997,0.07314991671591997,41
10000,tree no cues b=3,0.23,0.17073170731707318,0.2711864406779661,152.87,153.17073170731706,152.66101694915255,0.0,0.0,0.07040007039904594,0.07040007039904594,41
10000,tree no cues b=5,0.27,0.3170731707317073,0.23728813559322035,240.24,240.82926829268294,239.83050847457628,0.0,0.0,0.13239996042102575,0.13239996042102575,41
10000,tree no cues b=10,0.33,0.4146341463414634,0.2711864406779661,457.49,459.2926829268293,456.23728813559325,0.0,0.0,0.2325499663129449,0.2325499663129449,41
10000,tree no cues b=20,0.34,0.43902439024390244,0.2711864406779661,894.12,897.1463414634146,892.0169491525423,0.0,0.0,0.42860000394284725,0.42860000394284725,41
10000,CUE TREE b=1,0.24,0.2682926829268293,0.22033898305084745,47.95,23.341463414634145,65.05084745762711,36.5,5.1617099973373115,0.09744986891746521,4.832449834793806,41
10000,CUE TREE b=2,0.31,0.43902439024390244,0.22033898305084745,78.18,33.170731707317074,109.45762711864407,56.78,5.1617099973373115,0.09774998761713505,4.8755500465631485,41
10000,CUE TREE b=3,0.35,0.4634146341463415,0.2711864406779661,107.87,43.41463414634146,152.66101694915255,76.6,5.1617099973373115,0.10679999832063913,4.933850024826825,41
10000,CUE TREE b=5,0.36,0.5365853658536586,0.23728813559322035,165.18,57.75609756097561,239.83050847457628,116.32,5.1617099973373115,0.17630006186664104,4.995999857783318,41
10000,CUE TREE b=10,0.42,0.6341463414634146,0.2711864406779661,308.23,95.2439024390244,456.23728813559325,204.38,5.1617099973373115,0.3010999644175172,5.089250043965876,41
10000,CUE TREE b=20,0.43,0.6585365853658537,0.2711864406779661,590.1,155.6341463414634,892.0169491525423,318.4,5.1617099973373115,0.44125004205852747,5.260799662210047,41
