caught,comps_after,fraction,harmed,lost,margin,moved,moved_by_mistake_per_repeat,recall_after,recall_clean,recall_misfiled,recovered,recovery,size
,311.03,0.0,,,0.0,2120,,0.49,0.47,,,,5000
,308.23,0.0,,,0.02,1744,,0.5,0.47,,,,5000
,308.9,0.0,,,0.05,1275,,0.51,0.47,,,,5000
,308.96,0.0,,,0.1,692,,0.49,0.47,,,,5000
0.9976,309.7,0.05,6,4,0.0,,2062.6,0.494,0.47,0.468,3,0.75,5000
0.9952,309.854,0.05,4,4,0.02,,1685.8,0.5,0.47,0.468,3,0.75,5000
0.9944,308.072,0.05,2,4,0.05,,1230.4,0.498,0.47,0.468,3,0.75,5000
0.984,308.024,0.05,2,4,0.1,,665.2,0.482,0.47,0.468,3,0.75,5000
0.9992,309.5,0.1,7,12,0.0,,1984.6,0.496,0.47,0.45,11,0.9166666666666666,5000
0.9984,311.08,0.1,4,12,0.02,,1624.8,0.504,0.47,0.45,11,0.9166666666666666,5000
0.9964,309.054,0.1,4,12,0.05,,1185.6,0.498,0.47,0.45,11,0.9166666666666666,5000
0.9916,308.558,0.1,4,12,0.1,,641.0,0.484,0.47,0.45,11,0.9166666666666666,5000
0.9982,312.486,0.2,9,25,0.0,,1844.6,0.498,0.47,0.432,23,0.92,5000
0.9962,312.038,0.2,9,25,0.02,,1526.8,0.492,0.47,0.432,23,0.92,5000
0.9934,309.67,0.2,7,25,0.05,,1097.8,0.494,0.47,0.432,23,0.92,5000
0.9862,308.598,0.2,8,25,0.1,,596.2,0.474,0.47,0.432,23,0.92,5000
